ALA,11,106.69165137961966
ALA,16,106.00928814683728
ALA,25,107.71379065696894
ALA,31,107.69662592555201
ARG,53,364.41666810553204
ARG,55,236.2477675499524
ASN,18,167.90856758428487
ASN,37,163.6022120010841
ASN,46,168.3893662324129
ASN,48,168.3893662324129
ASN,5,166.17846691179057
ASN,57,168.3893662324129
ASN,70,164.38432429127647
ASN,72,165.30019861534169
ASN,77,168.38430245047644
ASN,8,167.92519242718652
ASP,12,164.50648803049341
ASP,22,167.13272917097697
ASP,24,167.13142599180213
ASP,49,167.12256437341335
ASP,67,166.84455902173306
CYS,13,127.28920807046114
CYS,19,130.9763487603223
CYS,26,130.2930639936949
CYS,3,128.6436301121221
CYS,39,130.15360520514352
CYS,45,178.44246272390023
CYS,6,130.0882042274128
CYS,63,131.3180144146927
CYS,64,131.17760616702827
CYS,69,130.60298792673566
GLN,2,382.89241638919566
GLN,34,191.61241008150108
GLN,74,192.1937583113894
GLU,43,191.00883333825942
GLU,56,190.77947380349067
GLU,58,191.00153553488042
GLU,73,190.36005489449673
GLU,76,190.99989725248918
GLY,32,84.09163887716869
HIS,44,217.38387665749062
ILE,28,176.2599913261344
LEU,1,179.5666967811742
LEU,27,177.50339181052323
LEU,33,179.4213923031815
LEU,54,179.61294102503507
LEU,59,179.69909978533616
LEU,68,177.20928288761112
LEU,75,179.45231488331547
LYS,14,284.6166216531979
LYS,30,197.50320813914163
LYS,38,195.66190904934433
LYS,41,198.42129786780404
LYS,65,198.5314723586126
LYS,66,198.24654154046036
MET,0,358.1350466133623
PHE,23,502.65456393853214
PHE,42,251.32741228718342
PHE,47,251.32715165134846
PHE,71,249.16940342421353
PRO,7,155.7651716963823
PRO,9,155.44354707603617
SER,20,125.61574914995825
SER,21,125.66370614359174
THR,10,147.05261838834411
THR,15,147.63975645713768
THR,29,147.32412646099573
THR,51,149.53562152066937
THR,52,299.0796206217483
THR,60,149.3583146855121
TRP,40,317.4453619662116
TYR,36,263.98368364776
TYR,4,259.2960550716969
TYR,61,268.90586585844574
TYR,62,268.6478736155216
VAL,17,154.3321027915208
VAL,35,151.6507185550969
VAL,50,155.64231913388727
