	x	y	z	Atome	Res	nbr	At	pourcentage	Exposition
0	-17.299	-8.127	9.442	N	MET	0	N	1.0	18.84955592153876
1	-17.275	-8.205	9.762	N	MET	0	N	1.0	18.84955592153876
2	-15.929	-8.721	9.469	CA	MET	0	C	1.0	23.876104167282428
3	-15.912	-8.737	9.459	CA	MET	0	C	1.0	23.876104167282428
4	-14.899	-7.646	9.817	C	MET	0	C	1.0	23.876104167282428
5	-14.853	-7.668	9.7	C	MET	0	C	1.0	23.876104167282428
6	-15.171	-6.449	9.696	O	MET	0	O	0.9999851851851852	17.592658224267876
7	-15.051	-6.498	9.368	O	MET	0	O	0.9996444444444444	17.586663600063694
8	-15.6	-9.373	8.123	CB	MET	0	C	1.0	23.876104167282428
9	-15.831	-9.226	8.012	CB	MET	0	C	1.0	23.876104167282428
10	-16.584	-10.467	7.709	CG	MET	0	C	1.0	23.876104167282428
11	-16.877	-10.269	7.653	CG	MET	0	C	1.0	23.876104167282428
12	-16.297	-11.15	6.062	SD	MET	0	S	1.0	23.24778563656447
13	-16.491	-11.91	8.293	SD	MET	0	S	1.0	23.24778563656447
14	-14.963	-12.295	6.386	CE	MET	0	C	1.0	23.876104167282428
15	-15.316	-12.468	7.066	CE	MET	0	C	1.0	23.876104167282428
16	-13.727	-8.073	10.277	N	LEU	1	N	1.0	18.84955592153876
17	-12.592	-7.172	10.486	CA	LEU	1	C	1.0	23.876104167282428
18	-11.744	-7.155	9.223	C	LEU	1	C	1.0	23.876104167282428
19	-11.294	-8.199	8.761	O	LEU	1	O	0.9924740740740741	17.460515855940884
20	-11.76	-7.637	11.682	CB	LEU	1	C	1.0	23.876104167282428
21	-10.495	-6.823	11.974	CG	LEU	1	C	1.0	23.876104167282428
22	-10.81	-5.371	12.305	CD1	LEU	1	C	1.0	23.876104167282428
23	-9.722	-7.474	13.113	CD2	LEU	1	C	1.0	23.876104167282428
24	-11.53	-5.978	8.646	N	GLN	2	N	0.993125925925926	18.7199826778707
25	-11.533	-5.948	8.701	N	GLN	2	N	0.9929925925925925	18.717469403747828
26	-10.678	-5.862	7.463	CA	GLN	2	C	0.9998666666666667	23.87292068672679
27	-10.628	-5.699	7.588	CA	GLN	2	C	0.9998222222222222	23.871859526541577
28	-9.31	-5.34	7.897	C	GLN	2	C	0.9987703703703704	23.846745402158216
29	-9.243	-5.407	8.109	C	GLN	2	C	0.9995703703703703	23.86584628549204
30	-9.233	-4.314	8.569	O	GLN	2	O	0.979674074074074	17.235326494531567
31	-9.069	-4.587	9.02	O	GLN	2	O	0.983125925925926	17.296054644078293
32	-11.332	-4.942	6.417	CB	GLN	2	C	0.998874074074074	23.849221442590377
33	-11.088	-4.482	6.79	CB	GLN	2	C	0.9988	23.84745284228169
34	-10.671	-5.007	5.038	CG	GLN	2	C	0.9908592592592592	23.65785888919038
35	-12.289	-4.734	5.928	CG	GLN	2	C	0.9999407407407407	23.874689287035476
36	-11.226	-4.018	4.017	CD	GLN	2	C	0.9964740740740741	23.7919187925889
37	-12.526	-3.618	4.945	CD	GLN	2	C	1.0	23.876104167282428
38	-11.677	-2.946	4.365	OE1	GLN	2	O	0.9940592592592593	17.488403890282083
39	-12.087	-2.486	5.16	OE1	GLN	2	O	0.9962814814814814	17.527499265526753
40	-11.159	-4.378	2.748	NE2	GLN	2	N	0.9928888888888889	18.715514634985595
41	-13.232	-3.924	3.861	NE2	GLN	2	N	0.999362962962963	18.837548056285037
42	-8.252	-6.058	7.518	N	CYS	3	N	0.9770962962962964	18.417831277765444
43	-6.871	-5.739	7.872	CA	CYS	3	C	0.9848444444444444	23.514248544124946
44	-6.037	-5.64	6.61	C	CYS	3	C	0.9682518518518518	23.118082074978926
45	-6.359	-6.258	5.586	O	CYS	3	O	0.9686518518518519	17.041413433317988
46	-6.273	-6.858	8.738	CB	CYS	3	C	0.9800888888888889	23.400704404307206
47	-7.097	-7.165	10.325	SG	CYS	3	S	0.9958518518518519	23.151350377627608
48	-4.93	-4.919	6.699	N	TYR	4	N	0.9720444444444445	18.322606113776633
49	-3.898	-5.097	5.699	CA	TYR	4	C	0.9612148148148149	22.95006504565361
50	-3.292	-6.479	5.901	C	TYR	4	C	0.9557481481481481	22.819542342872463
51	-2.956	-6.869	7.026	O	TYR	4	O	0.9737481481481481	17.13107216054577
52	-2.826	-4.005	5.79	CB	TYR	4	C	0.9619111111111112	22.966689888555273
53	-3.37	-2.639	5.437	CG	TYR	4	C	0.9588444444444445	22.893469835775605
54	-3.771	-2.353	4.121	CD1	TYR	4	C	0.9540592592592593	22.779218255834387
55	-3.5	-1.634	6.393	CD2	TYR	4	C	0.9599111111111112	22.918937680220708
56	-4.284	-1.115	3.787	CE1	TYR	4	C	0.9602814814814815	22.927780681764144
57	-4.007	-0.392	6.053	CE2	TYR	4	C	0.9662222222222222	23.069622426520887
58	-4.395	-0.14	4.753	CZ	TYR	4	C	0.9698222222222223	23.155576401523106
59	-4.906	1.086	4.397	OH	TYR	4	O	0.9868444444444444	17.361474238654377
60	-3.191	-7.247	4.822	N	ASN	5	N	0.9781185185185185	18.437099712707457
61	-2.7	-8.617	4.934	CA	ASN	5	C	0.9791407407407408	23.378066320356
62	-1.885	-8.937	3.686	C	ASN	5	C	0.9937925925925926	23.727895461414406
63	-2.436	-9.115	2.599	O	ASN	5	O	0.9916888888888888	17.446702156687763
64	-3.855	-9.609	5.125	CB	ASN	5	C	0.9773925925925926	23.336327353070978
65	-3.364	-11.017	5.363	CG	ASN	5	C	0.9925925925925926	23.699244136413668
66	-2.966	-11.376	6.479	OD1	ASN	5	O	0.9869185185185185	17.3627774178292
67	-3.346	-11.814	4.304	ND2	ASN	5	N	0.9968592592592592	18.79035435331111
68	-0.567	-8.963	3.822	N	CYS	6	N	0.9874666666666667	18.613308153988807
69	0.325	-9.293	2.723	CA	CYS	6	C	0.9982962962962963	23.835426360182616
70	1.027	-10.607	3.086	C	CYS	6	C	1.0	23.876104167282428
71	1.494	-10.795	4.206	O	CYS	6	O	0.9937333333333334	17.482669901912864
72	1.338	-8.146	2.492	CB	CYS	6	C	0.9900148148148148	23.63769684567134
73	0.641	-6.669	1.606	SG	CYS	6	S	0.9739851851851852	22.642998798374734
74	1.098	-11.551	2.137	N	PRO	7	N	0.9974962962962963	18.802362218564834
75	1.721	-12.84	2.483	CA	PRO	7	C	1.0	23.876104167282428
76	3.225	-12.757	2.716	C	PRO	7	C	0.9999259259259259	23.874335566973738
77	3.765	-13.574	3.442	O	PRO	7	O	0.9994962962962963	17.58405724171405
78	1.433	-13.722	1.264	CB	PRO	7	C	1.0	23.876104167282428
79	1.273	-12.778	0.169	CG	PRO	7	C	1.0	23.876104167282428
80	0.623	-11.534	0.752	CD	PRO	7	C	1.0	23.876104167282428
81	3.873	-11.767	2.099	N	ASN	8	N	0.9987407407407407	18.825819443711634
82	5.31	-11.547	2.224	CA	ASN	8	C	0.9981777777777778	23.832596599688713
83	5.581	-10.161	2.848	C	ASN	8	C	0.9950666666666667	23.758315386723833
84	4.764	-9.26	2.701	O	ASN	8	O	0.9848592592592592	17.326549036769137
85	5.99	-11.587	0.831	CB	ASN	8	C	1.0	23.876104167282428
86	5.432	-12.696	-0.127	CG	ASN	8	C	1.0	23.876104167282428
87	5.071	-12.438	-1.301	OD1	ASN	8	O	0.9992740740740741	17.58014770418958
88	5.408	-13.924	0.357	ND2	ASN	8	N	1.0	18.84955592153876
89	6.742	-9.964	3.496	N	PRO	9	N	0.9980740740740741	18.81325307309728
90	7.049	-8.596	3.948	CA	PRO	9	C	0.993674074074074	23.725065700920506
91	7.098	-7.631	2.764	C	PRO	9	C	0.9993481481481481	23.860540484565977
92	7.581	-7.984	1.678	O	PRO	9	O	0.9950518518518519	17.505866491224705
93	8.405	-8.727	4.651	CB	PRO	9	C	0.9978962962962963	23.8258759185157
94	8.927	-10.079	4.292	CG	PRO	9	C	1.0	23.876104167282428
95	7.78	-10.939	3.873	CD	PRO	9	C	0.9983555555555556	23.836841240429564
96	6.593	-6.424	2.985	N	THR	10	N	0.9841333333333333	18.55047630091701
97	6.315	-5.48	1.911	CA	THR	10	C	0.9900148148148148	23.63769684567134
98	6.52	-4.092	2.509	C	THR	10	C	0.9822222222222222	23.45164009319741
99	6.056	-3.842	3.62	O	THR	10	O	0.9760740740740741	17.171991986635195
100	4.825	-5.635	1.457	CB	THR	10	C	0.9828592592592592	23.46685005585212
101	4.576	-6.995	1.078	OG1	THR	10	O	0.9791703703703704	17.226464876142774
102	4.491	-4.721	0.29	CG2	THR	10	C	0.986237037037037	23.547498229928273
103	7.19	-3.186	1.797	N	ALA	11	N	0.9893481481481482	18.648773244389332
104	7.486	-1.86	2.345	CA	ALA	11	C	0.9831703703703704	23.47427817714861
105	6.235	-1.083	2.74	C	ALA	11	C	0.980237037037037	23.40424160492458
106	6.24	-0.346	3.73	O	ALA	11	O	0.9910666666666667	17.435755451619254
107	8.322	-1.054	1.353	CB	ALA	11	C	0.9938222222222223	23.728602901537883
108	5.178	-1.202	1.95	N	ASP	12	N	0.9849629629629629	18.56611445101488
109	3.927	-0.536	2.285	CA	ASP	12	C	0.9809777777777777	23.421927608011455
110	2.742	-1.314	1.773	C	ASP	12	C	0.9718074074074075	23.202974889795932
111	2.193	-1.045	0.708	O	ASP	12	O	0.9789629629629629	17.22281597445327
112	3.851	0.92	1.853	CB	ASP	12	C	0.9891407407407408	23.61682736202883
113	2.774	1.662	2.625	CG	ASP	12	C	0.9883111111111111	23.597019038571528
114	2.84	1.661	3.879	OD1	ASP	12	O	0.9887851851851852	17.395617533034727
115	1.853	2.196	1.995	OD2	ASP	12	O	0.993762962962963	17.483191173582792
116	2.333	-2.276	2.576	N	CYS	13	N	0.9750074074074074	18.378456649840448
117	1.248	-3.17	2.23	CA	CYS	13	C	0.9675111111111111	23.100396071892053
118	-0.05	-2.399	2.052	C	CYS	13	C	0.9672888888888889	23.09509027096599
119	-0.46	-1.644	2.937	O	CYS	13	O	0.9784592592592593	17.213954356064477
120	1.096	-4.209	3.334	CB	CYS	13	C	0.9653777777777778	23.04946038300185
121	-0.18	-5.445	3.04	SG	CYS	13	S	0.9657629629629629	22.451850338696314
122	-0.675	-2.565	0.889	N	LYS	14	N	0.9742518518518518	18.364214763144176
123	-1.939	-1.907	0.561	CA	LYS	14	C	0.9709481481481481	23.182459126215154
124	-3.065	-2.905	0.333	C	LYS	14	C	0.9750518518518518	23.280439583316447
125	-4.177	-2.513	-0.021	O	LYS	14	O	0.9851111111111112	17.330979845963533
126	-1.779	-1.012	-0.674	CB	LYS	14	C	0.9806370370370371	23.413792046591492
127	-1.122	0.316	-0.355	CG	LYS	14	C	0.9799407407407408	23.39716720368983
128	-0.799	0.136	-0.504	CG	LYS	14	C	0.9783259259259259	23.35861171696044
129	-0.801	1.102	-1.61	CD	LYS	14	C	0.9896	23.62779268394269
130	-1.385	1.261	0.343	CD	LYS	14	C	0.9853777777777778	23.526982466347498
131	0.395	0.515	-2.341	CE	LYS	14	C	0.9939851851851852	23.732493822216995
132	-2.38	2.109	-0.437	CE	LYS	14	C	0.9954222222222222	23.766804668205534
133	0.686	1.215	-3.619	NZ	LYS	14	N	0.9983111111111111	18.817721115982383
134	-2.808	3.336	0.309	NZ	LYS	14	N	0.9982814814814814	18.817162610621743
135	-2.762	-4.185	0.533	N	THR	15	N	0.9774962962962963	18.425371100134058
136	-3.712	-5.257	0.292	CA	THR	15	C	0.9856148148148148	23.5326419873353
137	-4.647	-5.385	1.488	C	THR	15	C	0.9798814814814815	23.395752323442878
138	-4.261	-5.845	2.562	O	THR	15	O	0.973674074074074	17.129768981370948
139	-2.985	-6.582	0.047	CB	THR	15	C	0.9964888888888889	23.792272512650637
140	-2.067	-6.418	-1.039	OG1	THR	15	O	0.9944296296296297	17.494919786156196
141	-3.982	-7.684	-0.283	CG2	THR	15	C	0.9997037037037036	23.869029766047674
142	-5.888	-4.963	1.288	N	ALA	16	N	0.9806370370370371	18.484572668361704
143	-6.933	-5.061	2.303	CA	ALA	16	C	0.9737481481481481	23.249312217883546
144	-7.704	-6.359	2.131	C	ALA	16	C	0.9846222222222222	23.508942743198883
145	-8.132	-6.671	1.023	O	ALA	16	O	0.9892592592592593	17.403957879753587
146	-7.878	-3.885	2.167	CB	ALA	16	C	0.9784888888888889	23.36250263763955
147	-7.91	-7.105	3.208	N	VAL	17	N	0.9783259259259259	18.441009250231925
148	-8.676	-8.35	3.149	CA	VAL	17	C	0.9943111111111111	23.740275663575222
149	-9.655	-8.407	4.299	C	VAL	17	C	0.9967555555555555	23.79863947376191
150	-9.41	-7.834	5.353	O	VAL	17	O	0.9706074074074074	17.0758173635333
151	-7.784	-9.592	3.256	CB	VAL	17	C	0.9968888888888889	23.80182295431755
152	-6.664	-9.554	2.238	CG1	VAL	17	C	0.9986074074074074	23.8428544814791
153	-7.241	-9.729	4.656	CG2	VAL	17	C	0.989762962962963	23.631683604621802
154	-10.775	-9.088	4.097	N	ASN	18	N	0.9892740740740741	18.647376980987737
155	-11.675	-9.38	5.195	CA	ASN	18	C	1.0	23.876104167282428
156	-11.15	-10.617	5.901	C	ASN	18	C	1.0	23.876104167282428
157	-11.155	-11.709	5.324	O	ASN	18	O	0.9945777777777778	17.49752614450584
158	-13.083	-9.666	4.683	CB	ASN	18	C	1.0	23.876104167282428
159	-13.738	-8.454	4.069	CG	ASN	18	C	1.0	23.876104167282428
160	-13.388	-7.312	4.361	OD1	ASN	18	O	0.9895851851851852	17.40969186812281
161	-14.729	-8.701	3.223	ND2	ASN	18	N	1.0	18.84955592153876
162	-10.682	-10.464	7.134	N	CYS	19	N	0.9897333333333334	18.656033814077627
163	-10.156	-11.612	7.866	CA	CYS	19	C	1.0	23.876104167282428
164	-11.258	-12.606	8.189	C	CYS	19	C	1.0	23.876104167282428
165	-12.397	-12.233	8.434	O	CYS	19	O	0.9956	17.51551001711839
166	-9.471	-11.162	9.157	CB	CYS	19	C	1.0	23.876104167282428
167	-8.125	-9.938	8.91	SG	CYS	19	S	0.9969333333333333	23.176492427279005
168	-10.93	-13.884	8.214	N	SER	20	N	0.9987555555555555	18.826098696391956
169	-11.945	-14.832	8.656	CA	SER	20	C	1.0	23.876104167282428
170	-12.19	-14.687	10.155	C	SER	20	C	1.0	23.876104167282428
171	-11.405	-14.048	10.875	O	SER	20	O	0.9986518518518519	17.569200999121072
172	-11.595	-16.267	8.278	CB	SER	20	C	1.0	23.876104167282428
173	-10.973	-16.932	9.354	OG	SER	20	O	0.9999555555555556	17.592136952597947
174	-13.292	-15.266	10.616	N	SER	21	N	1.0	18.84955592153876
175	-13.68	-15.163	12.011	CA	SER	21	C	1.0	23.876104167282428
176	-12.726	-15.9	12.955	C	SER	21	C	1.0	23.876104167282428
177	-12.845	-15.763	14.163	O	SER	21	O	1.0	17.59291886010284
178	-15.121	-15.64	12.214	CB	SER	21	C	1.0	23.876104167282428
179	-15.244	-17.025	11.948	OG	SER	21	O	1.0	17.59291886010284
180	-11.792	-16.67	12.405	N	ASP	22	N	1.0	18.84955592153876
181	-10.716	-17.255	13.216	CA	ASP	22	C	1.0	23.876104167282428
182	-9.82	-16.177	13.83	C	ASP	22	C	1.0	23.876104167282428
183	-9.167	-16.419	14.849	O	ASP	22	O	1.0	17.59291886010284
184	-9.822	-18.176	12.382	CB	ASP	22	C	1.0	23.876104167282428
185	-10.431	-19.532	12.128	CG	ASP	22	C	1.0	23.876104167282428
186	-11.656	-19.721	12.337	OD1	ASP	22	O	1.0	17.59291886010284
187	-9.668	-20.416	11.703	OD2	ASP	22	O	1.0	17.59291886010284
188	-9.752	-15.019	13.198	N	PHE	23	N	1.0	18.84955592153876
189	-9.818	-14.987	13.212	N	PHE	23	N	1.0	18.84955592153876
190	-8.821	-14.012	13.636	CA	PHE	23	C	1.0	23.876104167282428
191	-8.882	-13.892	13.513	CA	PHE	23	C	1.0	23.876104167282428
192	-9.649	-12.931	14.32	C	PHE	23	C	1.0	23.876104167282428
193	-9.569	-12.685	14.146	C	PHE	23	C	1.0	23.876104167282428
194	-10.858	-12.833	14.076	O	PHE	23	O	1.0	17.59291886010284
195	-10.553	-12.152	13.623	O	PHE	23	O	0.9999851851851852	17.592658224267876
196	-7.952	-13.584	12.442	CB	PHE	23	C	1.0	23.876104167282428
197	-8.2	-13.418	12.229	CB	PHE	23	C	1.0	23.876104167282428
198	-7.257	-14.76	11.791	CG	PHE	23	C	1.0	23.876104167282428
199	-7.456	-14.492	11.505	CG	PHE	23	C	1.0	23.876104167282428
200	-6.545	-15.665	12.573	CD1	PHE	23	C	1.0	23.876104167282428
201	-6.094	-14.624	11.657	CD1	PHE	23	C	1.0	23.876104167282428
202	-7.372	-15.008	10.434	CD2	PHE	23	C	1.0	23.876104167282428
203	-8.12	-15.371	10.669	CD2	PHE	23	C	1.0	23.876104167282428
204	-5.936	-16.768	12.017	CE1	PHE	23	C	1.0	23.876104167282428
205	-5.402	-15.614	10.99	CE1	PHE	23	C	1.0	23.876104167282428
206	-6.746	-16.113	9.867	CE2	PHE	23	C	1.0	23.876104167282428
207	-7.439	-16.368	9.999	CE2	PHE	23	C	1.0	23.876104167282428
208	-6.039	-17.001	10.672	CZ	PHE	23	C	1.0	23.876104167282428
209	-6.077	-16.485	10.154	CZ	PHE	23	C	1.0	23.876104167282428
210	-9.027	-12.218	15.256	N	ASP	24	N	1.0	18.84955592153876
211	-9.663	-11.119	15.964	CA	ASP	24	C	1.0	23.876104167282428
212	-8.841	-9.83	15.979	C	ASP	24	C	1.0	23.876104167282428
213	-9.246	-8.85	16.614	O	ASP	24	O	0.9999259259259259	17.59161568092802
214	-10.046	-11.551	17.396	CB	ASP	24	C	1.0	23.876104167282428
215	-8.849	-11.961	18.254	CG	ASP	24	C	1.0	23.876104167282428
216	-7.711	-11.809	17.808	OD1	ASP	24	O	1.0	17.59291886010284
217	-9.057	-12.397	19.417	OD2	ASP	24	O	1.0	17.59291886010284
218	-7.693	-9.83	15.305	N	ALA	25	N	0.9996444444444444	18.8428538572111
219	-6.79	-8.691	15.348	CA	ALA	25	C	1.0	23.876104167282428
220	-6.151	-8.457	14.001	C	ALA	25	C	1.0	23.876104167282428
221	-5.997	-9.383	13.207	O	ALA	25	O	0.9800888888888889	17.24262429791057
222	-5.689	-8.927	16.373	CB	ALA	25	C	1.0	23.876104167282428
223	-5.753	-7.207	13.79	N	CYS	26	N	0.9845481481481482	18.558295375965944
224	-4.805	-6.849	12.73	CA	CYS	26	C	0.9979851851851852	23.827998238886124
225	-3.45	-6.623	13.378	C	CYS	26	C	0.9973333333333333	23.812434556169674
226	-3.366	-5.91	14.383	O	CYS	26	O	0.9782666666666666	17.210566090209937
227	-5.199	-5.531	12.034	CB	CYS	26	C	0.9949629629629629	23.755839346291673
228	-6.888	-5.412	11.345	SG	CYS	26	S	0.9948444444444444	23.127930386171514
229	-2.402	-7.204	12.795	N	LEU	27	N	0.9677481481481481	18.241622836484094
230	-1.03	-7.081	13.281	CA	LEU	27	C	0.9907407407407407	23.65502912869648
231	-0.201	-6.26	12.288	C	LEU	27	C	0.9758518518518519	23.299540466650274
232	-0.274	-6.502	11.071	O	LEU	27	O	0.9761185185185185	17.17277389414009
233	-0.401	-8.484	13.373	CB	LEU	27	C	0.9929185185185185	23.707025977771895
234	1.104	-8.544	13.627	CG	LEU	27	C	0.9951703703703704	23.760791427155997
235	1.466	-8.087	15.035	CD1	LEU	27	C	0.9995703703703703	23.86584628549204
236	1.63	-9.941	13.355	CD2	LEU	27	C	0.9968444444444444	23.800761794132335
237	0.602	-5.332	12.782	N	ILE	28	N	0.9731703703703704	18.343829317480882
238	1.732	-4.814	12.025	CA	ILE	28	C	0.9732148148148149	23.236578295660998
239	3.004	-5.04	12.844	C	ILE	28	C	0.9821925925925926	23.45093265307393
240	3.016	-4.797	14.052	O	ILE	28	O	0.9791111111111112	17.225422332802918
241	1.561	-3.337	11.599	CB	ILE	28	C	0.9826370370370371	23.461544254926057
242	2.797	-2.879	10.804	CG1	ILE	28	C	0.9785777777777778	23.364624958009976
243	1.217	-2.401	12.787	CG2	ILE	28	C	0.9964	23.79015019228021
244	2.705	-1.525	10.191	CD1	ILE	28	C	0.9795111111111111	23.38690932189944
245	4.055	-5.513	12.181	N	THR	29	N	0.9743259259259259	18.36561102654577
246	5.34	-5.732	12.815	CA	THR	29	C	0.9884444444444445	23.600202519127166
247	6.431	-5.119	11.942	C	THR	29	C	0.9885777777777778	23.603385999682803
248	6.399	-5.276	10.727	O	THR	29	O	0.9746962962962963	17.147752853983498
249	5.636	-7.252	12.959	CB	THR	29	C	0.9915407407407407	23.674130012030304
250	4.645	-7.895	13.755	OG1	THR	29	O	0.9701777777777778	17.06825892431933
251	6.957	-7.482	13.635	CG2	THR	29	C	0.9995259259259259	23.864785125306827
252	7.371	-4.424	12.572	N	LYS	30	N	0.9796296296296296	18.465583486100005
253	8.557	-3.871	11.922	CA	LYS	30	C	0.9982814814814814	23.835072640120874
254	9.795	-4.577	12.448	C	LYS	30	C	1.0	23.876104167282428
255	10.052	-4.56	13.645	O	LYS	30	O	0.9860888888888889	17.34818181107119
256	8.668	-2.371	12.19	CB	LYS	30	C	0.9993481481481481	23.860540484565977
257	7.584	-1.545	11.508	CG	LYS	30	C	0.9984888888888889	23.840024720985202
258	7.684	-0.057	11.89	CD	LYS	30	C	1.0	23.876104167282428
259	6.766	0.816	11.041	CE	LYS	30	C	0.9984740740740741	23.839671000923463
260	6.913	2.261	11.398	NZ	LYS	30	N	0.9847407407407407	18.561925660810093
261	10.549	-5.205	11.561	N	ALA	31	N	0.9834962962962963	18.53846843566329
262	11.78	-5.904	11.909	CA	ALA	31	C	1.0	23.876104167282428
263	12.854	-5.374	10.954	C	ALA	31	C	1.0	23.876104167282428
264	12.968	-5.828	9.818	O	ALA	31	O	0.9964148148148149	17.529844988041436
265	11.595	-7.389	11.735	CB	ALA	31	C	1.0	23.876104167282428
266	13.632	-4.393	11.397	N	GLY	32	N	0.9968148148148148	18.789516595270154
267	14.557	-3.726	10.473	CA	GLY	32	C	1.0	23.876104167282428
268	13.771	-2.997	9.39	C	GLY	32	C	1.0	23.876104167282428
269	12.86	-2.228	9.709	O	GLY	32	O	0.9975555555555555	17.5499139473337
270	14.094	-3.246	8.114	N	LEU	33	N	0.9998962962962963	18.847601152776523
271	13.329	-2.666	7.0	CA	LEU	33	C	1.0	23.876104167282428
272	12.151	-3.53	6.587	C	LEU	33	C	1.0	23.876104167282428
273	11.356	-3.131	5.732	O	LEU	33	O	0.9843259259259259	17.317166146710417
274	14.221	-2.396	5.781	CB	LEU	33	C	1.0	23.876104167282428
275	15.279	-1.311	6.004	CG	LEU	33	C	1.0	23.876104167282428
276	16.218	-1.224	4.814	CD1	LEU	33	C	1.0	23.876104167282428
277	14.646	0.056	6.311	CD2	LEU	33	C	1.0	23.876104167282428
278	12.052	-4.727	7.155	N	GLN	34	N	0.9989629629629629	18.830008233916423
279	10.95	-5.612	6.826	CA	GLN	34	C	0.9987111111111111	23.845330521911265
280	9.707	-5.214	7.605	C	GLN	34	C	0.9902666666666666	23.643710086720876
281	9.748	-5.029	8.818	O	GLN	34	O	0.9819851851851852	17.275985684786026
282	11.319	-7.063	7.123	CB	GLN	34	C	0.9978370370370371	23.82446103826875
283	12.283	-7.707	6.119	CG	GLN	34	C	0.9999259259259259	23.874335566973738
284	13.636	-7.036	6.07	CD	GLN	34	C	1.0	23.876104167282428
285	14.318	-6.911	7.085	OE1	GLN	34	O	1.0	17.59291886010284
286	14.032	-6.602	4.884	NE2	GLN	34	N	1.0	18.84955592153876
287	8.602	-5.063	6.894	N	VAL	35	N	0.9771407407407408	18.4186690358064
288	7.328	-4.758	7.522	CA	VAL	35	C	0.9705037037037038	23.17184752436303
289	6.334	-5.858	7.182	C	VAL	35	C	0.968	23.11206883392939
290	6.187	-6.222	6.011	O	VAL	35	O	0.9763703703703703	17.177204703334485
291	6.795	-3.374	7.099	CB	VAL	35	C	0.9717037037037037	23.200498849363772
292	5.536	-3.051	7.869	CG1	VAL	35	C	0.9664888888888888	23.075989387632163
293	7.863	-2.284	7.298	CG2	VAL	35	C	0.9840148148148148	23.494440220667645
294	5.665	-6.379	8.207	N	TYR	36	N	0.9784888888888889	18.444081029715434
295	4.676	-7.444	8.058	CA	TYR	36	C	0.9532592592592593	22.76011737250056
296	3.311	-6.918	8.469	C	TYR	36	C	0.96	22.92106000059113
297	3.199	-6.17	9.45	O	TYR	36	O	0.9800148148148148	17.241321118735748
298	5.024	-8.647	8.938	CB	TYR	36	C	0.9595851851851852	22.91115583886248
299	6.4	-9.25	8.703	CG	TYR	36	C	0.9826666666666667	23.46225169504953
300	6.56	-10.416	7.95	CD1	TYR	36	C	0.9900296296296296	23.638050565733078
301	7.548	-8.665	9.247	CD2	TYR	36	C	0.9905037037037037	23.649369607708678
302	7.831	-10.973	7.739	CE1	TYR	36	C	0.9995111111111111	23.86443140524509
303	8.819	-9.222	9.022	CE2	TYR	36	C	0.9970666666666667	23.806067595058398
304	8.941	-10.372	8.283	CZ	TYR	36	C	0.9995407407407407	23.865138845368563
305	10.178	-10.938	8.053	OH	TYR	36	O	0.9902074074074074	17.420638573191315
306	2.278	-7.288	7.713	N	ASN	37	N	0.9806814814814815	18.485410426402662
307	0.899	-6.878	7.979	CA	ASN	37	C	0.9673185185185185	23.095797711089464
308	0.04	-8.113	7.811	C	ASN	37	C	0.9685185185185186	23.124449036090205
309	0.035	-8.715	6.729	O	ASN	37	O	0.9824888888888889	17.284847303174818
310	0.454	-5.805	6.97	CB	ASN	37	C	0.9684888888888888	23.123741595966727
311	1.306	-4.54	7.002	CG	ASN	37	C	0.9677777777777777	23.106763033003325
312	0.929	-3.514	7.603	OD1	ASN	37	O	0.9712	17.086242796931877
313	2.441	-4.591	6.378	ND2	ASN	37	N	0.9705777777777778	18.29496009842504
314	-0.682	-8.503	8.866	N	LYS	38	N	0.9758370370370371	18.39409479993832
315	-1.395	-9.786	8.863	CA	LYS	38	C	0.9803407407407407	23.406717645356743
316	-2.721	-9.707	9.6	C	LYS	38	C	0.9817481481481481	23.440321051221805
317	-2.834	-9.022	10.618	O	LYS	38	O	0.972562962962963	17.110221293748612
318	-0.582	-10.871	9.597	CB	LYS	38	C	0.984562962962963	23.507527862951935
319	0.852	-11.072	9.183	CG	LYS	38	C	0.9830074074074074	23.470387256469497
320	0.946	-11.812	7.877	CD	LYS	38	C	0.9939851851851852	23.732493822216995
321	2.412	-12.013	7.491	CE	LYS	38	C	0.9964740740740741	23.7919187925889
322	2.566	-12.735	6.211	NZ	LYS	38	N	0.9978074074074074	18.80822652485153
323	-3.701	-10.508	9.183	N	CYS	39	N	0.9675703703703704	18.238271804320267
324	-4.771	-10.972	10.069	CA	CYS	39	C	0.9961185185185185	23.783429511107197
325	-4.15	-11.848	11.161	C	CYS	39	C	0.9984888888888889	23.840024720985202
326	-3.315	-12.71	10.852	O	CYS	39	O	0.9885037037037037	17.3906654521704
327	-5.782	-11.818	9.287	CB	CYS	39	C	0.9991555555555556	23.85594212376339
328	-6.666	-10.963	7.942	SG	CYS	39	S	0.9912888888888889	23.045271592797064
329	-4.556	-11.652	12.414	N	TRP	40	N	0.9864592592592593	18.59431897172711
330	-3.839	-12.298	13.526	CA	TRP	40	C	1.0	23.876104167282428
331	-4.791	-12.536	14.675	C	TRP	40	C	1.0	23.876104167282428
332	-5.986	-12.266	14.583	O	TRP	40	O	0.9915555555555555	17.444356434173084
333	-2.658	-11.398	13.952	CB	TRP	40	C	0.9997481481481482	23.87009092623289
334	-1.422	-12.058	14.511	CG	TRP	40	C	1.0	23.876104167282428
335	-0.981	-11.999	15.794	CD1	TRP	40	C	1.0	23.876104167282428
336	-0.43	-12.79	13.773	CD2	TRP	40	C	1.0	23.876104167282428
337	0.224	-12.664	15.911	NE1	TRP	40	N	0.9960740740740741	18.7755539612542
338	0.584	-13.151	14.683	CE2	TRP	40	C	1.0	23.876104167282428
339	-0.3	-13.157	12.432	CE3	TRP	40	C	1.0	23.876104167282428
340	1.726	-13.852	14.285	CZ2	TRP	40	C	1.0	23.876104167282428
341	0.83	-13.873	12.041	CZ3	TRP	40	C	1.0	23.876104167282428
342	1.826	-14.215	12.965	CH2	TRP	40	C	1.0	23.876104167282428
343	-4.254	-13.069	15.765	N	LYS	41	N	0.9955111111111111	18.764942359402074
344	-5.028	-13.243	16.993	CA	LYS	41	C	1.0	23.876104167282428
345	-4.366	-12.486	18.121	C	LYS	41	C	1.0	23.876104167282428
346	-3.145	-12.568	18.292	O	LYS	41	O	0.9975703703703703	17.550174583168666
347	-5.127	-14.72	17.368	CB	LYS	41	C	1.0	23.876104167282428
348	-5.844	-15.547	16.32	CG	LYS	41	C	1.0	23.876104167282428
349	-6.081	-16.972	16.786	CD	LYS	41	C	1.0	23.876104167282428
350	-7.194	-17.045	17.827	CE	LYS	41	C	1.0	23.876104167282428
351	-7.502	-18.457	18.185	NZ	LYS	41	N	1.0	18.84955592153876
352	-5.174	-11.8	18.936	N	PHE	42	N	1.0	18.84955592153876
353	-4.638	-11.111	20.116	CA	PHE	42	C	1.0	23.876104167282428
354	-3.878	-12.052	21.05	C	PHE	42	C	1.0	23.876104167282428
355	-2.888	-11.637	21.647	O	PHE	42	O	1.0	17.59291886010284
356	-5.716	-10.356	20.89	CB	PHE	42	C	1.0	23.876104167282428
357	-6.054	-9.001	20.314	CG	PHE	42	C	1.0	23.876104167282428
358	-5.176	-7.93	20.433	CD1	PHE	42	C	1.0	23.876104167282428
359	-7.267	-8.789	19.692	CD2	PHE	42	C	1.0	23.876104167282428
360	-5.515	-6.668	19.939	CE1	PHE	42	C	1.0	23.876104167282428
361	-7.596	-7.541	19.194	CE2	PHE	42	C	1.0	23.876104167282428
362	-6.714	-6.493	19.325	CZ	PHE	42	C	1.0	23.876104167282428
363	-4.284	-13.318	21.143	N	GLU	43	N	1.0	18.84955592153876
364	-3.564	-14.256	22.011	CA	GLU	43	C	1.0	23.876104167282428
365	-2.113	-14.475	21.542	C	GLU	43	C	1.0	23.876104167282428
366	-1.278	-14.944	22.32	O	GLU	43	O	1.0	17.59291886010284
367	-4.318	-15.588	22.126	CB	GLU	43	C	1.0	23.876104167282428
368	-4.363	-16.415	20.878	CG	GLU	43	C	1.0	23.876104167282428
369	-5.111	-17.73	21.052	CD	GLU	43	C	1.0	23.876104167282428
370	-5.503	-18.048	22.2	OE1	GLU	43	O	1.0	17.59291886010284
371	-5.309	-18.423	20.037	OE2	GLU	43	O	1.0	17.59291886010284
372	-1.81	-14.126	20.289	N	HIS	44	N	1.0	18.84955592153876
373	-0.456	-14.231	19.763	CA	HIS	44	C	1.0	23.876104167282428
374	0.155	-12.871	19.46	C	HIS	44	C	1.0	23.876104167282428
375	1.171	-12.789	18.768	O	HIS	44	O	0.9991851851851852	17.578583889179793
376	-0.418	-15.134	18.529	CB	HIS	44	C	1.0	23.876104167282428
377	-0.941	-16.505	18.807	CG	HIS	44	C	1.0	23.876104167282428
378	-1.837	-17.141	17.978	ND1	HIS	44	N	1.0	18.84955592153876
379	-0.75	-17.331	19.864	CD2	HIS	44	C	1.0	23.876104167282428
380	-2.153	-18.314	18.497	CE1	HIS	44	C	1.0	23.876104167282428
381	-1.505	-18.456	19.639	NE2	HIS	44	N	1.0	18.84955592153876
382	-0.451	-11.801	19.97	N	CYS	45	N	1.0	18.84955592153876
383	0.119	-10.477	19.831	CA	CYS	45	C	1.0	23.876104167282428
384	1.027	-10.174	21.013	C	CYS	45	C	1.0	23.876104167282428
385	0.699	-9.391	21.894	O	CYS	45	O	1.0	17.59291886010284
386	-0.999	-9.423	19.766	CB	CYS	45	C	1.0	23.876104167282428
387	-0.949	-9.42	19.642	CB	CYS	45	C	1.0	23.876104167282428
388	-1.912	-9.406	18.208	SG	CYS	45	S	1.0	23.24778563656447
389	-0.177	-8.076	18.81	SG	CYS	45	S	1.0	23.24778563656447
390	2.188	-10.817	21.016	N	ASN	46	N	1.0	18.84955592153876
391	3.182	-10.663	22.087	CA	ASN	46	C	1.0	23.876104167282428
392	4.527	-10.974	21.423	C	ASN	46	C	1.0	23.876104167282428
393	4.574	-11.641	20.387	O	ASN	46	O	1.0	17.59291886010284
394	2.875	-11.548	23.356	CB	ASN	46	C	1.0	23.876104167282428
395	2.822	-13.019	22.997	CG	ASN	46	C	1.0	23.876104167282428
396	3.858	-13.646	22.757	OD1	ASN	46	O	1.0	17.59291886010284
397	1.608	-13.551	22.858	ND2	ASN	46	N	1.0	18.84955592153876
398	5.613	-10.488	22.009	N	PHE	47	N	1.0	18.84955592153876
399	6.915	-10.56	21.378	CA	PHE	47	C	1.0	23.876104167282428
400	7.311	-11.988	21.046	C	PHE	47	C	1.0	23.876104167282428
401	7.727	-12.274	19.918	O	PHE	47	O	0.9999851851851852	17.592658224267876
402	7.979	-9.9	22.276	CB	PHE	47	C	1.0	23.876104167282428
403	9.336	-9.824	21.642	CG	PHE	47	C	1.0	23.876104167282428
404	9.712	-8.706	20.907	CD1	PHE	47	C	1.0	23.876104167282428
405	10.243	-10.868	21.773	CD2	PHE	47	C	1.0	23.876104167282428
406	10.967	-8.624	20.345	CE1	PHE	47	C	1.0	23.876104167282428
407	11.505	-10.794	21.182	CE2	PHE	47	C	1.0	23.876104167282428
408	11.851	-9.659	20.46	CZ	PHE	47	C	1.0	23.876104167282428
409	7.204	-12.887	22.014	N	ASN	48	N	1.0	18.84955592153876
410	7.605	-14.257	21.771	CA	ASN	48	C	1.0	23.876104167282428
411	6.834	-14.918	20.634	C	ASN	48	C	1.0	23.876104167282428
412	7.424	-15.574	19.764	O	ASN	48	O	1.0	17.59291886010284
413	7.497	-15.077	23.058	CB	ASN	48	C	1.0	23.876104167282428
414	8.065	-16.462	22.906	CG	ASN	48	C	1.0	23.876104167282428
415	9.241	-16.633	22.603	OD1	ASN	48	O	1.0	17.59291886010284
416	7.22	-17.464	23.089	ND2	ASN	48	N	1.0	18.84955592153876
417	5.52	-14.772	20.642	N	ASP	49	N	1.0	18.84955592153876
418	4.712	-15.428	19.628	CA	ASP	49	C	1.0	23.876104167282428
419	4.914	-14.841	18.229	C	ASP	49	C	1.0	23.876104167282428
420	4.89	-15.57	17.238	O	ASP	49	O	0.9994222222222222	17.582754062539227
421	3.232	-15.413	20.028	CB	ASP	49	C	1.0	23.876104167282428
422	2.922	-16.34	21.208	CG	ASP	49	C	1.0	23.876104167282428
423	3.778	-17.183	21.579	OD1	ASP	49	O	1.0	17.59291886010284
424	1.811	-16.221	21.765	OD2	ASP	49	O	1.0	17.59291886010284
425	5.15	-13.533	18.146	N	VAL	50	N	0.9997481481481482	18.844808625973336
426	5.394	-12.905	16.843	CA	VAL	50	C	1.0	23.876104167282428
427	6.779	-13.328	16.317	C	VAL	50	C	1.0	23.876104167282428
428	6.911	-13.691	15.151	O	VAL	50	O	0.99	17.416989671501813
429	5.208	-11.367	16.896	CB	VAL	50	C	1.0	23.876104167282428
430	5.635	-10.722	15.588	CG1	VAL	50	C	1.0	23.876104167282428
431	3.757	-11.006	17.209	CG2	VAL	50	C	1.0	23.876104167282428
432	7.81	-13.303	17.16	N	THR	51	N	0.9997777777777778	18.845367131333973
433	9.143	-13.702	16.696	CA	THR	51	C	1.0	23.876104167282428
434	9.191	-15.156	16.211	C	THR	51	C	1.0	23.876104167282428
435	9.841	-15.443	15.208	O	THR	51	O	1.0	17.59291886010284
436	10.25	-13.476	17.733	CB	THR	51	C	1.0	23.876104167282428
437	9.928	-14.171	18.932	OG1	THR	51	O	1.0	17.59291886010284
438	10.469	-11.976	18.02	CG2	THR	51	C	1.0	23.876104167282428
439	8.499	-16.07	16.892	N	THR	52	N	1.0	18.84955592153876
440	8.51	-16.042	16.92	N	THR	52	N	1.0	18.84955592153876
441	8.549	-17.491	16.484	CA	THR	52	C	1.0	23.876104167282428
442	8.512	-17.448	16.552	CA	THR	52	C	1.0	23.876104167282428
443	7.733	-17.784	15.23	C	THR	52	C	1.0	23.876104167282428
444	7.845	-17.628	15.178	C	THR	52	C	1.0	23.876104167282428
445	8.028	-18.723	14.48	O	THR	52	O	1.0	17.59291886010284
446	8.392	-18.28	14.276	O	THR	52	O	1.0	17.59291886010284
447	8.102	-18.473	17.592	CB	THR	52	C	1.0	23.876104167282428
448	7.814	-18.297	17.635	CB	THR	52	C	1.0	23.876104167282428
449	6.686	-18.371	17.818	OG1	THR	52	O	1.0	17.59291886010284
450	8.49	-18.123	18.889	OG1	THR	52	O	1.0	17.59291886010284
451	8.879	-18.228	18.879	CG2	THR	52	C	1.0	23.876104167282428
452	7.864	-19.748	17.273	CG2	THR	52	C	1.0	23.876104167282428
453	6.68	-17.006	15.024	N	ARG	53	N	1.0	18.84955592153876
454	5.845	-17.184	13.839	CA	ARG	53	C	1.0	23.876104167282428
455	6.426	-16.548	12.592	C	ARG	53	C	1.0	23.876104167282428
456	6.377	-17.137	11.51	O	ARG	53	O	0.9995407407407407	17.584839149218944
457	4.417	-16.709	14.127	CB	ARG	53	C	1.0	23.876104167282428
458	3.678	-17.5	15.142	CG	ARG	53	C	1.0	23.876104167282428
459	3.712	-17.775	15.001	CG	ARG	53	C	1.0	23.876104167282428
460	2.351	-16.836	15.546	CD	ARG	53	C	1.0	23.876104167282428
461	2.533	-17.344	15.899	CD	ARG	53	C	1.0	23.876104167282428
462	1.53	-17.836	16.212	NE	ARG	53	N	1.0	18.84955592153876
463	2.451	-18.259	17.052	NE	ARG	53	N	1.0	18.84955592153876
464	1.864	-18.395	17.372	CZ	ARG	53	C	1.0	23.876104167282428
465	1.421	-19.037	17.384	CZ	ARG	53	C	1.0	23.876104167282428
466	1.088	-19.337	17.888	NH1	ARG	53	N	1.0	18.84955592153876
467	1.537	-19.834	18.436	NH1	ARG	53	N	1.0	18.84955592153876
468	2.973	-18.018	18.014	NH2	ARG	53	N	1.0	18.84955592153876
469	0.28	-19.025	16.704	NH2	ARG	53	N	1.0	18.84955592153876
470	6.987	-15.348	12.73	N	LEU	54	N	0.9988	18.826936454432914
471	7.573	-14.643	11.595	CA	LEU	54	C	1.0	23.876104167282428
472	9.057	-14.955	11.409	C	LEU	54	C	1.0	23.876104167282428
473	9.649	-14.54	10.407	O	LEU	54	O	0.9993037037037037	17.58066897585951
474	7.361	-13.134	11.732	CB	LEU	54	C	1.0	23.876104167282428
475	5.917	-12.665	11.863	CG	LEU	54	C	1.0	23.876104167282428
476	5.821	-11.15	11.967	CD1	LEU	54	C	0.9979407407407408	23.826937078700915
477	5.054	-13.203	10.735	CD2	LEU	54	C	0.9999111111111111	23.873981846912002
478	9.648	-15.676	12.358	N	ARG	55	N	1.0	18.84955592153876
479	11.062	-16.074	12.319	CA	ARG	55	C	1.0	23.876104167282428
480	11.998	-14.856	12.163	C	ARG	55	C	1.0	23.876104167282428
481	12.923	-14.833	11.334	O	ARG	55	O	1.0	17.59291886010284
482	11.305	-17.18	11.282	CB	ARG	55	C	1.0	23.876104167282428
483	10.468	-18.455	11.556	CG	ARG	55	C	1.0	23.876104167282428
484	10.74	-19.557	10.523	CD	ARG	55	C	1.0	23.876104167282428
485	10.396	-19.118	9.176	NE	ARG	55	N	1.0	18.84955592153876
486	9.199	-19.252	8.614	CZ	ARG	55	C	1.0	23.876104167282428
487	8.207	-19.843	9.273	NH1	ARG	55	N	1.0	18.84955592153876
488	8.998	-18.808	7.379	NH2	ARG	55	N	1.0	18.84955592153876
489	11.735	-13.849	12.994	N	GLU	56	N	1.0	18.84955592153876
490	12.543	-12.636	13.127	CA	GLU	56	C	1.0	23.876104167282428
491	12.973	-12.51	14.58	C	GLU	56	C	1.0	23.876104167282428
492	12.134	-12.669	15.467	O	GLU	56	O	1.0	17.59291886010284
493	11.698	-11.41	12.766	CB	GLU	56	C	1.0	23.876104167282428
494	11.392	-11.267	11.295	CG	GLU	56	C	1.0	23.876104167282428
495	12.517	-10.58	10.518	CD	GLU	56	C	1.0	23.876104167282428
496	13.645	-10.476	11.044	OE1	GLU	56	O	0.9945481481481482	17.497004872835912
497	12.265	-10.124	9.38	OE2	GLU	56	O	0.9924148148148149	17.459473312601027
498	14.253	-12.194	14.819	N	ASN	57	N	1.0	18.84955592153876
499	14.848	-12.066	16.157	CA	ASN	57	C	1.0	23.876104167282428
500	14.459	-10.795	16.88	C	ASN	57	C	1.0	23.876104167282428
501	14.259	-10.803	18.102	O	ASN	57	O	1.0	17.59291886010284
502	16.379	-12.017	16.048	CB	ASN	57	C	1.0	23.876104167282428
503	17.003	-13.348	15.685	CG	ASN	57	C	1.0	23.876104167282428
504	16.436	-14.424	15.926	OD1	ASN	57	O	1.0	17.59291886010284
505	18.205	-13.28	15.117	ND2	ASN	57	N	1.0	18.84955592153876
506	14.455	-9.692	16.136	N	GLU	58	N	1.0	18.84955592153876
507	14.301	-8.36	16.706	CA	GLU	58	C	1.0	23.876104167282428
508	13.199	-7.64	15.964	C	GLU	58	C	1.0	23.876104167282428
509	13.215	-7.575	14.729	O	GLU	58	O	0.9995851851851851	17.585621056723834
510	15.599	-7.542	16.582	CB	GLU	58	C	1.0	23.876104167282428
511	15.483	-6.159	17.237	CG	GLU	58	C	1.0	23.876104167282428
512	16.746	-5.319	17.16	CD	GLU	58	C	1.0	23.876104167282428
513	17.239	-5.065	16.037	OE1	GLU	58	O	1.0	17.59291886010284
514	17.245	-4.894	18.221	OE2	GLU	58	O	1.0	17.59291886010284
515	12.252	-7.092	16.714	N	LEU	59	N	1.0	18.84955592153876
516	11.104	-6.46	16.089	CA	LEU	59	C	1.0	23.876104167282428
517	10.329	-5.64	17.091	C	LEU	59	C	1.0	23.876104167282428
518	10.535	-5.769	18.303	O	LEU	59	O	1.0	17.59291886010284
519	10.197	-7.534	15.466	CB	LEU	59	C	1.0	23.876104167282428
520	9.633	-8.617	16.393	CG	LEU	59	C	1.0	23.876104167282428
521	8.41	-8.148	17.146	CD1	LEU	59	C	1.0	23.876104167282428
522	9.313	-9.871	15.596	CD2	LEU	59	C	1.0	23.876104167282428
523	9.436	-4.79	16.587	N	THR	60	N	0.9999259259259259	18.848159658137163
524	8.37	-4.192	17.38	CA	THR	60	C	1.0	23.876104167282428
525	7.052	-4.546	16.696	C	THR	60	C	1.0	23.876104167282428
526	7.034	-4.85	15.499	O	THR	60	O	0.9901925925925926	17.420377937356353
527	8.525	-2.657	17.534	CB	THR	60	C	1.0	23.876104167282428
528	8.59	-2.019	16.249	OG1	THR	60	O	0.9995703703703703	17.585360420888872
529	9.769	-2.319	18.355	CG2	THR	60	C	1.0	23.876104167282428
530	5.965	-4.521	17.462	N	TYR	61	N	0.9996888888888888	18.843691615252055
531	4.669	-4.943	16.911	CA	TYR	61	C	1.0	23.876104167282428
532	3.534	-4.136	17.54	C	TYR	61	C	1.0	23.876104167282428
533	3.678	-3.554	18.621	O	TYR	61	O	0.9995111111111111	17.584317877549015
534	4.427	-6.46	17.111	CB	TYR	61	C	1.0	23.876104167282428
535	4.168	-6.755	18.575	CG	TYR	61	C	1.0	23.876104167282428
536	2.868	-6.768	19.085	CD1	TYR	61	C	1.0	23.876104167282428
537	5.217	-6.931	19.462	CD2	TYR	61	C	1.0	23.876104167282428
538	2.622	-6.955	20.439	CE1	TYR	61	C	1.0	23.876104167282428
539	4.974	-7.115	20.816	CE2	TYR	61	C	1.0	23.876104167282428
540	3.677	-7.124	21.293	CZ	TYR	61	C	1.0	23.876104167282428
541	3.433	-7.308	22.638	OH	TYR	61	O	1.0	17.59291886010284
542	2.404	-4.114	16.83	N	TYR	62	N	0.9968148148148148	18.789516595270154
543	1.176	-3.47	17.264	CA	TYR	62	C	1.0	23.876104167282428
544	-0.011	-4.274	16.745	C	TYR	62	C	1.0	23.876104167282428
545	-0.031	-4.671	15.571	O	TYR	62	O	0.9879259259259259	17.380500654606784
546	1.134	-2.037	16.729	CB	TYR	62	C	1.0	23.876104167282428
547	-0.132	-1.265	17.032	CG	TYR	62	C	1.0	23.876104167282428
548	-0.352	-0.697	18.281	CD1	TYR	62	C	1.0	23.876104167282428
549	-1.117	-1.109	16.054	CD2	TYR	62	C	1.0	23.876104167282428
550	-1.52	0.008	18.533	CE1	TYR	62	C	1.0	23.876104167282428
551	-2.272	-0.409	16.307	CE2	TYR	62	C	1.0	23.876104167282428
552	-2.465	0.148	17.537	CZ	TYR	62	C	1.0	23.876104167282428
553	-3.629	0.843	17.783	OH	TYR	62	O	1.0	17.59291886010284
554	-0.994	-4.493	17.619	N	CYS	63	N	0.9999703703703704	18.848997416178122
555	-2.249	-5.102	17.219	CA	CYS	63	C	1.0	23.876104167282428
556	-3.424	-4.219	17.561	C	CYS	63	C	1.0	23.876104167282428
557	-3.406	-3.499	18.555	O	CYS	63	O	1.0	17.59291886010284
558	-2.453	-6.463	17.858	CB	CYS	63	C	1.0	23.876104167282428
559	-1.314	-7.714	17.241	SG	CYS	63	S	1.0	23.24778563656447
560	-4.481	-4.346	16.779	N	CYS	64	N	0.9996148148148148	18.842295351850463
561	-5.66	-3.515	16.904	CA	CYS	64	C	1.0	23.876104167282428
562	-6.854	-4.207	16.253	C	CYS	64	C	1.0	23.876104167282428
563	-6.694	-5.225	15.594	O	CYS	64	O	0.9924	17.459212676766057
564	-5.382	-2.157	16.26	CB	CYS	64	C	1.0	23.876104167282428
565	-4.735	-2.28	14.567	SG	CYS	64	S	1.0	23.24778563656447
566	-8.055	-3.68	16.462	N	LYS	65	N	0.9998074074074074	18.84592563669461
567	-9.254	-4.371	15.953	CA	LYS	65	C	1.0	23.876104167282428
568	-10.265	-3.417	15.308	C	LYS	65	C	1.0	23.876104167282428
569	-11.478	-3.605	15.406	O	LYS	65	O	0.9992296296296296	17.579365796684687
570	-9.921	-5.221	17.026	CB	LYS	65	C	1.0	23.876104167282428
571	-10.211	-4.44	18.27	CG	LYS	65	C	1.0	23.876104167282428
572	-10.914	-5.298	19.283	CD	LYS	65	C	1.0	23.876104167282428
573	-11.994	-6.103	18.624	CE	LYS	65	C	1.0	23.876104167282428
574	-12.296	-7.309	19.427	NZ	LYS	65	N	1.0	18.84955592153876
575	-9.746	-2.383	14.651	N	LYS	66	N	0.9985185185185185	18.821630653506848
576	-10.543	-1.496	13.807	CA	LYS	66	C	1.0	23.876104167282428
577	-10.091	-1.634	12.355	C	LYS	66	C	1.0	23.876104167282428
578	-8.943	-1.978	12.092	O	LYS	66	O	0.9844148148148149	17.3187299617202
579	-10.409	-0.062	14.298	CB	LYS	66	C	1.0	23.876104167282428
580	-11.077	0.131	15.642	CG	LYS	66	C	1.0	23.876104167282428
581	-12.547	-0.267	15.551	CD	LYS	66	C	1.0	23.876104167282428
582	-13.206	-0.447	16.914	CE	LYS	66	C	1.0	23.876104167282428
583	-13.023	-1.813	17.496	NZ	LYS	66	N	1.0	18.84955592153876
584	-10.988	-1.384	11.41	N	ASP	67	N	0.9975407407407407	18.80319997660579
585	-10.675	-1.661	10.017	CA	ASP	67	C	1.0	23.876104167282428
586	-9.414	-0.938	9.548	C	ASP	67	C	0.9988888888888889	23.849575162652116
587	-9.26	0.287	9.73	O	ASP	67	O	0.9884444444444445	17.389622908830543
588	-11.845	-1.299	9.105	CB	ASP	67	C	1.0	23.876104167282428
589	-12.908	-2.399	9.021	CG	ASP	67	C	1.0	23.876104167282428
590	-12.822	-3.444	9.708	OD1	ASP	67	O	0.9993185185185185	17.580929611694476
591	-13.865	-2.204	8.24	OD2	ASP	67	O	1.0	17.59291886010284
592	-8.528	-1.713	8.935	N	LEU	68	N	0.9813185185185185	18.49741829165638
593	-7.311	-1.174	8.326	CA	LEU	68	C	0.9858814814814815	23.539008948446572
594	-6.429	-0.416	9.324	C	LEU	68	C	0.9869629629629629	23.56483051295341
595	-5.689	0.506	8.959	O	LEU	68	O	0.9810518518518518	17.259565627183264
596	-7.63	-0.326	7.093	CB	LEU	68	C	0.9892740740740741	23.620010842584467
597	-8.429	-1.109	6.042	CG	LEU	68	C	0.9917185185185186	23.678374652771158
598	-8.675	-0.234	4.823	CD1	LEU	68	C	0.9962518518518518	23.786612991662835
599	-7.725	-2.413	5.631	CD2	LEU	68	C	0.9743407407407407	23.26346102035305
600	-6.447	-0.864	10.579	N	CYS	69	N	0.9779703703703704	18.434307185904267
601	-5.748	-0.16	11.635	CA	CYS	69	C	0.9989333333333333	23.850636322837328
602	-4.279	-0.527	11.747	C	CYS	69	C	0.9993037037037037	23.859479324380764
603	-3.53	0.157	12.451	O	CYS	69	O	0.9856148148148148	17.339841464352325
604	-6.453	-0.401	12.969	CB	CYS	69	C	1.0	23.876104167282428
605	-6.439	-2.151	13.489	SG	CYS	69	S	0.9997777777777778	23.242619461978567
606	-3.859	-1.595	11.069	N	ASN	70	N	0.9778074074074075	18.431235406420758
607	-2.468	-2.051	11.139	CA	ASN	70	C	0.9878814814814815	23.586761156781137
608	-1.587	-1.376	10.088	C	ASN	70	C	0.9772592592592593	23.33314387251534
609	-1.07	-2.022	9.168	O	ASN	70	O	0.9727259259259259	17.11308828793322
610	-2.367	-3.584	11.061	CB	ASN	70	C	0.9800296296296296	23.399289524060254
611	-2.946	-4.195	9.779	CG	ASN	70	C	0.9667407407407408	23.082002628681703
612	-3.915	-3.699	9.184	OD1	ASN	70	O	0.974474074074074	17.14384331645903
613	-2.393	-5.343	9.412	ND2	ASN	70	N	0.9705777777777778	18.29496009842504
614	-1.448	-0.06	10.219	N	PHE	71	N	0.9735851851851852	18.351648392529817
615	-0.688	0.765	9.286	CA	PHE	71	C	0.9788444444444444	23.370991919121252
616	0.623	1.23	9.901	C	PHE	71	C	0.986237037037037	23.547498229928273
617	0.788	1.257	11.116	O	PHE	71	O	0.9777777777777777	17.20196510765611
618	-1.527	1.956	8.769	CB	PHE	71	C	0.9852148148148148	23.523091545668382
619	-2.088	2.846	9.856	CG	PHE	71	C	0.9972444444444445	23.810312235799252
620	-3.366	2.646	10.344	CD1	PHE	71	C	0.9995259259259259	23.864785125306827
621	-1.358	3.93	10.335	CD2	PHE	71	C	0.9997777777777778	23.870798366356365
622	-3.894	3.479	11.333	CE1	PHE	71	C	1.0	23.876104167282428
623	-1.888	4.763	11.315	CE2	PHE	71	C	1.0	23.876104167282428
624	-3.153	4.534	11.818	CZ	PHE	71	C	1.0	23.876104167282428
625	1.537	1.651	9.033	N	ASN	72	N	0.9708444444444444	18.299986646670785
626	2.931	1.933	9.374	CA	ASN	72	C	0.9783703703703703	23.359672877145652
627	3.093	2.878	10.555	C	ASN	72	C	0.9899111111111111	23.63522080523918
628	3.867	2.627	11.487	O	ASN	72	O	0.9786370370370371	17.217081986084054
629	3.637	2.52	8.137	CB	ASN	72	C	0.9777481481481481	23.344816634552675
630	5.13	2.569	8.3	CG	ASN	72	C	0.9824444444444445	23.45694589412347
631	5.649	3.379	9.057	OD1	ASN	72	O	0.9882074074074074	17.38545273547111
632	5.831	1.693	7.589	ND2	ASN	72	N	0.9868148148148148	18.601021036054767
633	2.333	3.964	10.518	N	GLU	73	N	0.9872444444444445	18.60911936378402
634	2.477	5.055	11.458	CA	GLU	73	C	0.9973185185185185	23.812080836107935
635	2.017	4.706	12.872	C	GLU	73	C	0.9993481481481481	23.860540484565977
636	2.249	5.499	13.785	O	GLU	73	O	0.9963407407407407	17.528541808866613
637	1.733	6.292	10.956	CB	GLU	73	C	0.9996296296296296	23.86726116573899
638	2.347	6.915	9.699	CG	GLU	73	C	0.9999407407407407	23.874689287035476
639	1.933	6.292	8.37	CD	GLU	73	C	1.0	23.876104167282428
640	1.135	5.32	8.306	OE1	GLU	73	O	0.9889777777777777	17.399005798889263
641	2.412	6.821	7.338	OE2	GLU	73	O	0.9965777777777778	17.532711982226044
642	1.415	3.53	13.085	N	GLN	74	N	0.9968148148148148	18.789516595270154
643	1.069	3.057	14.42	CA	GLN	74	C	1.0	23.876104167282428
644	2.299	2.7	15.249	C	GLN	74	C	1.0	23.876104167282428
645	2.213	2.616	16.475	O	GLN	74	O	0.9997333333333334	17.588227415073483
646	0.199	1.802	14.333	CB	GLN	74	C	1.0	23.876104167282428
647	-1.164	1.986	13.688	CG	GLN	74	C	1.0	23.876104167282428
648	-2.176	2.665	14.605	CD	GLN	74	C	1.0	23.876104167282428
649	-1.83	3.555	15.39	OE1	GLN	74	O	1.0	17.59291886010284
650	-3.44	2.303	14.462	NE2	GLN	74	N	0.9996296296296296	18.842574604530782
651	3.416	2.427	14.583	N	LEU	75	N	0.9965037037037037	18.78365228898345
652	4.598	1.885	15.26	CA	LEU	75	C	1.0	23.876104167282428
653	5.754	2.827	15.135	C	LEU	75	C	1.0	23.876104167282428
654	6.312	2.982	14.041	O	LEU	75	O	0.9897185185185186	17.41203759063749
655	5.032	0.557	14.631	CB	LEU	75	C	1.0	23.876104167282428
656	4.63	-0.756	15.295	CG	LEU	75	C	1.0	23.876104167282428
657	5.222	-1.971	14.584	CD1	LEU	75	C	1.0	23.876104167282428
658	5.013	-0.804	16.762	CD2	LEU	75	C	1.0	23.876104167282428
659	6.137	3.436	16.259	N	GLU	76	N	0.9995259259259259	18.840619835768546
660	7.221	4.408	16.248	CA	GLU	76	C	1.0	23.876104167282428
661	8.513	3.705	15.859	C	GLU	76	C	1.0	23.876104167282428
662	9.279	4.198	15.031	O	GLU	76	O	1.0	17.59291886010284
663	7.372	5.079	17.617	CB	GLU	76	C	1.0	23.876104167282428
664	6.157	5.87	18.083	CG	GLU	76	C	1.0	23.876104167282428
665	6.319	6.415	19.492	CD	GLU	76	C	1.0	23.876104167282428
666	7.413	6.242	20.072	OE1	GLU	76	O	1.0	17.59291886010284
667	5.354	7.012	20.023	OE2	GLU	76	O	1.0	17.59291886010284
668	8.747	2.542	16.46	N	ASN	77	N	1.0	18.84955592153876
669	9.914	1.742	16.121	CA	ASN	77	C	1.0	23.876104167282428
670	11.206	2.53	16.336	C	ASN	77	C	1.0	23.876104167282428
671	11.958	2.787	15.399	O	ASN	77	O	1.0	17.59291886010284
672	9.81	1.261	14.671	CB	ASN	77	C	1.0	23.876104167282428
673	10.848	0.216	14.323	CG	ASN	77	C	1.0	23.876104167282428
674	11.154	-0.672	15.124	OD1	ASN	77	O	0.9998074074074074	17.589530594248302
675	11.389	0.308	13.111	ND2	ASN	77	N	0.9999111111111111	18.847880405456845
